cell_id,lat,lon
0,17.296138,78.423207
1,17.296138,78.427707
2,17.300638,78.414207
3,17.300638,78.418707
4,17.300638,78.423207
5,17.300638,78.427707
6,17.300638,78.432207
7,17.305138,78.396207
8,17.305138,78.400707
9,17.305138,78.405207
10,17.305138,78.409707
11,17.305138,78.414207
12,17.305138,78.418707
13,17.305138,78.423207
14,17.305138,78.427707
15,17.305138,78.432207
16,17.305138,78.436707
17,17.305138,78.441207
18,17.305138,78.445707
19,17.305138,78.450207
20,17.305138,78.454707
21,17.305138,78.459207
22,17.305138,78.571707
23,17.305138,78.576207
24,17.305138,78.580707
25,17.305138,78.585207
26,17.305138,78.589707
27,17.305138,78.594207
28,17.305138,78.598707
29,17.305138,78.603207
30,17.309638,78.387207
31,17.309638,78.391707
32,17.309638,78.396207
33,17.309638,78.400707
34,17.309638,78.405207
35,17.309638,78.409707
36,17.309638,78.414207
37,17.309638,78.418707
38,17.309638,78.423207
39,17.309638,78.427707
40,17.309638,78.432207
41,17.309638,78.436707
42,17.309638,78.441207
43,17.309638,78.445707
44,17.309638,78.450207
45,17.309638,78.454707
46,17.309638,78.459207
47,17.309638,78.472707
48,17.309638,78.567207
49,17.309638,78.571707
50,17.309638,78.576207
51,17.309638,78.580707
52,17.309638,78.585207
53,17.309638,78.589707
54,17.309638,78.594207
55,17.309638,78.598707
56,17.309638,78.603207
57,17.309638,78.607707
58,17.309638,78.612207
59,17.314138,78.378207
60,17.314138,78.382707
61,17.314138,78.387207
62,17.314138,78.391707
63,17.314138,78.396207
64,17.314138,78.400707
65,17.314138,78.405207
66,17.314138,78.409707
67,17.314138,78.414207
68,17.314138,78.418707
69,17.314138,78.423207
70,17.314138,78.427707
71,17.314138,78.432207
72,17.314138,78.436707
73,17.314138,78.441207
74,17.314138,78.445707
75,17.314138,78.450207
76,17.314138,78.454707
77,17.314138,78.459207
78,17.314138,78.468207
79,17.314138,78.472707
80,17.314138,78.477207
81,17.314138,78.481707
82,17.314138,78.486207
83,17.314138,78.499707
84,17.314138,78.504207
85,17.314138,78.553707
86,17.314138,78.558207
87,17.314138,78.562707
88,17.314138,78.567207
89,17.314138,78.571707
90,17.314138,78.576207
91,17.314138,78.580707
92,17.314138,78.585207
93,17.314138,78.589707
94,17.314138,78.594207
95,17.314138,78.598707
96,17.314138,78.603207
97,17.314138,78.607707
98,17.314138,78.612207
99,17.314138,78.616707
100,17.314138,78.621207
101,17.318638,78.378207
102,17.318638,78.382707
103,17.318638,78.387207
104,17.318638,78.391707
105,17.318638,78.396207
106,17.318638,78.400707
107,17.318638,78.405207
108,17.318638,78.409707
109,17.318638,78.414207
110,17.318638,78.418707
111,17.318638,78.423207
112,17.318638,78.427707
113,17.318638,78.432207
114,17.318638,78.436707
115,17.318638,78.441207
116,17.318638,78.445707
117,17.318638,78.450207
118,17.318638,78.454707
119,17.318638,78.459207
120,17.318638,78.463707
121,17.318638,78.468207
122,17.318638,78.472707
123,17.318638,78.477207
124,17.318638,78.481707
125,17.318638,78.486207
126,17.318638,78.490707
127,17.318638,78.495207
128,17.318638,78.499707
129,17.318638,78.504207
130,17.318638,78.508707
131,17.318638,78.549207
132,17.318638,78.553707
133,17.318638,78.558207
134,17.318638,78.562707
135,17.318638,78.567207
136,17.318638,78.571707
137,17.318638,78.576207
138,17.318638,78.580707
139,17.318638,78.585207
140,17.318638,78.589707
141,17.318638,78.594207
142,17.318638,78.598707
143,17.318638,78.603207
144,17.318638,78.607707
145,17.318638,78.612207
146,17.318638,78.616707
147,17.323138,78.378207
148,17.323138,78.382707
149,17.323138,78.387207
150,17.323138,78.391707
151,17.323138,78.396207
152,17.323138,78.400707
153,17.323138,78.405207
154,17.323138,78.409707
155,17.323138,78.414207
156,17.323138,78.418707
157,17.323138,78.423207
158,17.323138,78.427707
159,17.323138,78.432207
160,17.323138,78.436707
161,17.323138,78.441207
162,17.323138,78.445707
163,17.323138,78.450207
164,17.323138,78.454707
165,17.323138,78.459207
166,17.323138,78.463707
167,17.323138,78.468207
168,17.323138,78.472707
169,17.323138,78.477207
170,17.323138,78.481707
171,17.323138,78.486207
172,17.323138,78.490707
173,17.323138,78.495207
174,17.323138,78.499707
175,17.323138,78.504207
176,17.323138,78.508707
177,17.323138,78.540207
178,17.323138,78.544707
179,17.323138,78.549207
180,17.323138,78.553707
181,17.323138,78.558207
182,17.323138,78.562707
183,17.323138,78.567207
184,17.323138,78.571707
185,17.323138,78.576207
186,17.323138,78.580707
187,17.323138,78.585207
188,17.323138,78.589707
189,17.323138,78.594207
190,17.323138,78.598707
191,17.323138,78.603207
192,17.323138,78.607707
193,17.323138,78.612207
194,17.323138,78.616707
195,17.327638,78.378207
196,17.327638,78.382707
197,17.327638,78.387207
198,17.327638,78.391707
199,17.327638,78.396207
200,17.327638,78.400707
201,17.327638,78.405207
202,17.327638,78.409707
203,17.327638,78.414207
204,17.327638,78.418707
205,17.327638,78.423207
206,17.327638,78.427707
207,17.327638,78.432207
208,17.327638,78.436707
209,17.327638,78.441207
210,17.327638,78.445707
211,17.327638,78.450207
212,17.327638,78.454707
213,17.327638,78.459207
214,17.327638,78.463707
215,17.327638,78.468207
216,17.327638,78.472707
217,17.327638,78.477207
218,17.327638,78.481707
219,17.327638,78.486207
220,17.327638,78.490707
221,17.327638,78.495207
222,17.327638,78.499707
223,17.327638,78.504207
224,17.327638,78.513207
225,17.327638,78.517707
226,17.327638,78.535707
227,17.327638,78.540207
228,17.327638,78.544707
229,17.327638,78.549207
230,17.327638,78.553707
231,17.327638,78.558207
232,17.327638,78.562707
233,17.327638,78.567207
234,17.327638,78.571707
235,17.327638,78.576207
236,17.327638,78.580707
237,17.327638,78.585207
238,17.327638,78.589707
239,17.327638,78.594207
240,17.327638,78.598707
241,17.327638,78.603207
242,17.327638,78.607707
243,17.327638,78.612207
244,17.327638,78.616707
245,17.332138,78.400707
246,17.332138,78.405207
247,17.332138,78.409707
248,17.332138,78.414207
249,17.332138,78.418707
250,17.332138,78.423207
251,17.332138,78.427707
252,17.332138,78.432207
253,17.332138,78.436707
254,17.332138,78.441207
255,17.332138,78.445707
256,17.332138,78.450207
257,17.332138,78.454707
258,17.332138,78.459207
259,17.332138,78.463707
260,17.332138,78.468207
261,17.332138,78.472707
262,17.332138,78.477207
263,17.332138,78.481707
264,17.332138,78.486207
265,17.332138,78.490707
266,17.332138,78.495207
267,17.332138,78.499707
268,17.332138,78.504207
269,17.332138,78.517707
270,17.332138,78.535707
271,17.332138,78.540207
272,17.332138,78.544707
273,17.332138,78.549207
274,17.332138,78.553707
275,17.332138,78.558207
276,17.332138,78.562707
277,17.332138,78.567207
278,17.332138,78.571707
279,17.332138,78.576207
280,17.332138,78.580707
281,17.332138,78.585207
282,17.332138,78.589707
283,17.332138,78.594207
284,17.332138,78.598707
285,17.332138,78.603207
286,17.332138,78.607707
287,17.332138,78.612207
288,17.332138,78.616707
289,17.336638,78.400707
290,17.336638,78.405207
291,17.336638,78.409707
292,17.336638,78.414207
293,17.336638,78.418707
294,17.336638,78.423207
295,17.336638,78.427707
296,17.336638,78.432207
297,17.336638,78.436707
298,17.336638,78.441207
299,17.336638,78.445707
300,17.336638,78.450207
301,17.336638,78.454707
302,17.336638,78.459207
303,17.336638,78.463707
304,17.336638,78.468207
305,17.336638,78.472707
306,17.336638,78.477207
307,17.336638,78.481707
308,17.336638,78.486207
309,17.336638,78.490707
310,17.336638,78.495207
311,17.336638,78.499707
312,17.336638,78.504207
313,17.336638,78.526707
314,17.336638,78.540207
315,17.336638,78.544707
316,17.336638,78.549207
317,17.336638,78.553707
318,17.336638,78.558207
319,17.336638,78.562707
320,17.336638,78.567207
321,17.336638,78.571707
322,17.336638,78.576207
323,17.336638,78.580707
324,17.336638,78.585207
325,17.336638,78.589707
326,17.336638,78.594207
327,17.336638,78.598707
328,17.336638,78.603207
329,17.336638,78.607707
330,17.336638,78.612207
331,17.336638,78.616707
332,17.341138,78.400707
333,17.341138,78.405207
334,17.341138,78.409707
335,17.341138,78.414207
336,17.341138,78.418707
337,17.341138,78.423207
338,17.341138,78.427707
339,17.341138,78.432207
340,17.341138,78.436707
341,17.341138,78.441207
342,17.341138,78.445707
343,17.341138,78.450207
344,17.341138,78.454707
345,17.341138,78.459207
346,17.341138,78.463707
347,17.341138,78.468207
348,17.341138,78.472707
349,17.341138,78.477207
350,17.341138,78.481707
351,17.341138,78.486207
352,17.341138,78.490707
353,17.341138,78.495207
354,17.341138,78.499707
355,17.341138,78.504207
356,17.341138,78.522207
357,17.341138,78.526707
358,17.341138,78.531207
359,17.341138,78.535707
360,17.341138,78.540207
361,17.341138,78.544707
362,17.341138,78.549207
363,17.341138,78.553707
364,17.341138,78.558207
365,17.341138,78.562707
366,17.341138,78.567207
367,17.341138,78.571707
368,17.341138,78.576207
369,17.341138,78.580707
370,17.341138,78.585207
371,17.341138,78.589707
372,17.341138,78.594207
373,17.341138,78.598707
374,17.341138,78.603207
375,17.341138,78.607707
376,17.341138,78.612207
377,17.341138,78.616707
378,17.345638,78.400707
379,17.345638,78.405207
380,17.345638,78.409707
381,17.345638,78.414207
382,17.345638,78.418707
383,17.345638,78.423207
384,17.345638,78.427707
385,17.345638,78.432207
386,17.345638,78.436707
387,17.345638,78.441207
388,17.345638,78.445707
389,17.345638,78.450207
390,17.345638,78.454707
391,17.345638,78.459207
392,17.345638,78.463707
393,17.345638,78.468207
394,17.345638,78.472707
395,17.345638,78.477207
396,17.345638,78.481707
397,17.345638,78.486207
398,17.345638,78.490707
399,17.345638,78.495207
400,17.345638,78.499707
401,17.345638,78.504207
402,17.345638,78.508707
403,17.345638,78.513207
404,17.345638,78.517707
405,17.345638,78.522207
406,17.345638,78.526707
407,17.345638,78.531207
408,17.345638,78.535707
409,17.345638,78.540207
410,17.345638,78.544707
411,17.345638,78.549207
412,17.345638,78.553707
413,17.345638,78.558207
414,17.345638,78.562707
415,17.345638,78.567207
416,17.345638,78.571707
417,17.345638,78.576207
418,17.345638,78.580707
419,17.345638,78.585207
420,17.345638,78.589707
421,17.345638,78.603207
422,17.345638,78.607707
423,17.350138,78.400707
424,17.350138,78.405207
425,17.350138,78.409707
426,17.350138,78.414207
427,17.350138,78.418707
428,17.350138,78.423207
429,17.350138,78.427707
430,17.350138,78.432207
431,17.350138,78.436707
432,17.350138,78.441207
433,17.350138,78.445707
434,17.350138,78.450207
435,17.350138,78.454707
436,17.350138,78.459207
437,17.350138,78.463707
438,17.350138,78.468207
439,17.350138,78.472707
440,17.350138,78.477207
441,17.350138,78.481707
442,17.350138,78.486207
443,17.350138,78.490707
444,17.350138,78.495207
445,17.350138,78.499707
446,17.350138,78.504207
447,17.350138,78.508707
448,17.350138,78.513207
449,17.350138,78.517707
450,17.350138,78.522207
451,17.350138,78.526707
452,17.350138,78.531207
453,17.350138,78.535707
454,17.350138,78.540207
455,17.350138,78.544707
456,17.350138,78.549207
457,17.350138,78.553707
458,17.350138,78.558207
459,17.350138,78.562707
460,17.350138,78.567207
461,17.350138,78.571707
462,17.350138,78.576207
463,17.350138,78.580707
464,17.350138,78.585207
465,17.354638,78.400707
466,17.354638,78.405207
467,17.354638,78.409707
468,17.354638,78.414207
469,17.354638,78.418707
470,17.354638,78.423207
471,17.354638,78.427707
472,17.354638,78.432207
473,17.354638,78.436707
474,17.354638,78.441207
475,17.354638,78.445707
476,17.354638,78.450207
477,17.354638,78.454707
478,17.354638,78.459207
479,17.354638,78.463707
480,17.354638,78.468207
481,17.354638,78.472707
482,17.354638,78.477207
483,17.354638,78.481707
484,17.354638,78.486207
485,17.354638,78.490707
486,17.354638,78.495207
487,17.354638,78.499707
488,17.354638,78.504207
489,17.354638,78.508707
490,17.354638,78.513207
491,17.354638,78.517707
492,17.354638,78.522207
493,17.354638,78.526707
494,17.354638,78.531207
495,17.354638,78.535707
496,17.354638,78.540207
497,17.354638,78.544707
498,17.354638,78.549207
499,17.354638,78.553707
500,17.354638,78.558207
501,17.354638,78.562707
502,17.354638,78.567207
503,17.354638,78.571707
504,17.354638,78.576207
505,17.354638,78.580707
506,17.354638,78.585207
507,17.359138,78.409707
508,17.359138,78.414207
509,17.359138,78.418707
510,17.359138,78.423207
511,17.359138,78.427707
512,17.359138,78.432207
513,17.359138,78.436707
514,17.359138,78.441207
515,17.359138,78.445707
516,17.359138,78.450207
517,17.359138,78.454707
518,17.359138,78.459207
519,17.359138,78.463707
520,17.359138,78.468207
521,17.359138,78.472707
522,17.359138,78.477207
523,17.359138,78.481707
524,17.359138,78.486207
525,17.359138,78.490707
526,17.359138,78.495207
527,17.359138,78.499707
528,17.359138,78.504207
529,17.359138,78.508707
530,17.359138,78.513207
531,17.359138,78.517707
532,17.359138,78.522207
533,17.359138,78.526707
534,17.359138,78.531207
535,17.359138,78.535707
536,17.359138,78.540207
537,17.359138,78.544707
538,17.359138,78.549207
539,17.359138,78.553707
540,17.359138,78.558207
541,17.359138,78.562707
542,17.359138,78.567207
543,17.359138,78.571707
544,17.359138,78.576207
545,17.359138,78.580707
546,17.363638,78.409707
547,17.363638,78.414207
548,17.363638,78.418707
549,17.363638,78.423207
550,17.363638,78.427707
551,17.363638,78.432207
552,17.363638,78.436707
553,17.363638,78.441207
554,17.363638,78.445707
555,17.363638,78.450207
556,17.363638,78.454707
557,17.363638,78.459207
558,17.363638,78.463707
559,17.363638,78.468207
560,17.363638,78.472707
561,17.363638,78.477207
562,17.363638,78.481707
563,17.363638,78.486207
564,17.363638,78.490707
565,17.363638,78.495207
566,17.363638,78.499707
567,17.363638,78.504207
568,17.363638,78.508707
569,17.363638,78.513207
570,17.363638,78.517707
571,17.363638,78.522207
572,17.363638,78.526707
573,17.363638,78.531207
574,17.363638,78.535707
575,17.363638,78.540207
576,17.363638,78.544707
577,17.363638,78.549207
578,17.363638,78.553707
579,17.363638,78.558207
580,17.363638,78.562707
581,17.363638,78.567207
582,17.363638,78.571707
583,17.363638,78.576207
584,17.368138,78.409707
585,17.368138,78.414207
586,17.368138,78.418707
587,17.368138,78.423207
588,17.368138,78.427707
589,17.368138,78.432207
590,17.368138,78.436707
591,17.368138,78.441207
592,17.368138,78.445707
593,17.368138,78.450207
594,17.368138,78.454707
595,17.368138,78.459207
596,17.368138,78.463707
597,17.368138,78.468207
598,17.368138,78.472707
599,17.368138,78.477207
600,17.368138,78.481707
601,17.368138,78.486207
602,17.368138,78.490707
603,17.368138,78.495207
604,17.368138,78.499707
605,17.368138,78.504207
606,17.368138,78.508707
607,17.368138,78.513207
608,17.368138,78.517707
609,17.368138,78.522207
610,17.368138,78.526707
611,17.368138,78.531207
612,17.368138,78.535707
613,17.368138,78.540207
614,17.368138,78.544707
615,17.368138,78.549207
616,17.368138,78.553707
617,17.368138,78.558207
618,17.368138,78.562707
619,17.368138,78.567207
620,17.368138,78.571707
621,17.368138,78.576207
622,17.372638,78.387207
623,17.372638,78.391707
624,17.372638,78.396207
625,17.372638,78.409707
626,17.372638,78.414207
627,17.372638,78.418707
628,17.372638,78.423207
629,17.372638,78.427707
630,17.372638,78.432207
631,17.372638,78.436707
632,17.372638,78.441207
633,17.372638,78.445707
634,17.372638,78.450207
635,17.372638,78.454707
636,17.372638,78.459207
637,17.372638,78.463707
638,17.372638,78.468207
639,17.372638,78.472707
640,17.372638,78.477207
641,17.372638,78.481707
642,17.372638,78.486207
643,17.372638,78.490707
644,17.372638,78.495207
645,17.372638,78.499707
646,17.372638,78.504207
647,17.372638,78.508707
648,17.372638,78.513207
649,17.372638,78.517707
650,17.372638,78.522207
651,17.372638,78.526707
652,17.372638,78.531207
653,17.372638,78.535707
654,17.372638,78.540207
655,17.372638,78.544707
656,17.372638,78.549207
657,17.372638,78.553707
658,17.372638,78.558207
659,17.372638,78.562707
660,17.372638,78.567207
661,17.372638,78.571707
662,17.372638,78.576207
663,17.372638,78.580707
664,17.377138,78.378207
665,17.377138,78.382707
666,17.377138,78.387207
667,17.377138,78.391707
668,17.377138,78.396207
669,17.377138,78.400707
670,17.377138,78.405207
671,17.377138,78.409707
672,17.377138,78.414207
673,17.377138,78.418707
674,17.377138,78.423207
675,17.377138,78.427707
676,17.377138,78.432207
677,17.377138,78.436707
678,17.377138,78.441207
679,17.377138,78.445707
680,17.377138,78.450207
681,17.377138,78.454707
682,17.377138,78.459207
683,17.377138,78.463707
684,17.377138,78.468207
685,17.377138,78.472707
686,17.377138,78.477207
687,17.377138,78.481707
688,17.377138,78.486207
689,17.377138,78.490707
690,17.377138,78.495207
691,17.377138,78.499707
692,17.377138,78.504207
693,17.377138,78.508707
694,17.377138,78.513207
695,17.377138,78.517707
696,17.377138,78.522207
697,17.377138,78.526707
698,17.377138,78.531207
699,17.377138,78.535707
700,17.377138,78.540207
701,17.377138,78.544707
702,17.377138,78.549207
703,17.377138,78.553707
704,17.377138,78.558207
705,17.377138,78.562707
706,17.377138,78.567207
707,17.377138,78.571707
708,17.377138,78.576207
709,17.377138,78.580707
710,17.381638,78.382707
711,17.381638,78.387207
712,17.381638,78.391707
713,17.381638,78.396207
714,17.381638,78.400707
715,17.381638,78.405207
716,17.381638,78.409707
717,17.381638,78.414207
718,17.381638,78.418707
719,17.381638,78.423207
720,17.381638,78.427707
721,17.381638,78.432207
722,17.381638,78.436707
723,17.381638,78.441207
724,17.381638,78.445707
725,17.381638,78.450207
726,17.381638,78.454707
727,17.381638,78.459207
728,17.381638,78.463707
729,17.381638,78.468207
730,17.381638,78.472707
731,17.381638,78.477207
732,17.381638,78.481707
733,17.381638,78.486207
734,17.381638,78.490707
735,17.381638,78.495207
736,17.381638,78.499707
737,17.381638,78.504207
738,17.381638,78.508707
739,17.381638,78.513207
740,17.381638,78.517707
741,17.381638,78.522207
742,17.381638,78.526707
743,17.381638,78.531207
744,17.381638,78.535707
745,17.381638,78.540207
746,17.381638,78.544707
747,17.381638,78.549207
748,17.381638,78.553707
749,17.381638,78.558207
750,17.381638,78.562707
751,17.381638,78.567207
752,17.381638,78.571707
753,17.381638,78.576207
754,17.381638,78.580707
755,17.386138,78.382707
756,17.386138,78.391707
757,17.386138,78.396207
758,17.386138,78.400707
759,17.386138,78.405207
760,17.386138,78.409707
761,17.386138,78.414207
762,17.386138,78.418707
763,17.386138,78.423207
764,17.386138,78.427707
765,17.386138,78.432207
766,17.386138,78.436707
767,17.386138,78.441207
768,17.386138,78.445707
769,17.386138,78.450207
770,17.386138,78.454707
771,17.386138,78.459207
772,17.386138,78.463707
773,17.386138,78.468207
774,17.386138,78.472707
775,17.386138,78.477207
776,17.386138,78.481707
777,17.386138,78.486207
778,17.386138,78.490707
779,17.386138,78.495207
780,17.386138,78.499707
781,17.386138,78.504207
782,17.386138,78.508707
783,17.386138,78.513207
784,17.386138,78.517707
785,17.386138,78.522207
786,17.386138,78.526707
787,17.386138,78.531207
788,17.386138,78.535707
789,17.386138,78.540207
790,17.386138,78.544707
791,17.386138,78.549207
792,17.386138,78.553707
793,17.386138,78.558207
794,17.386138,78.562707
795,17.386138,78.567207
796,17.386138,78.571707
797,17.386138,78.576207
798,17.386138,78.580707
799,17.386138,78.585207
800,17.390638,78.382707
801,17.390638,78.396207
802,17.390638,78.400707
803,17.390638,78.405207
804,17.390638,78.409707
805,17.390638,78.414207
806,17.390638,78.418707
807,17.390638,78.423207
808,17.390638,78.427707
809,17.390638,78.432207
810,17.390638,78.436707
811,17.390638,78.441207
812,17.390638,78.445707
813,17.390638,78.450207
814,17.390638,78.454707
815,17.390638,78.459207
816,17.390638,78.463707
817,17.390638,78.468207
818,17.390638,78.472707
819,17.390638,78.477207
820,17.390638,78.481707
821,17.390638,78.486207
822,17.390638,78.490707
823,17.390638,78.495207
824,17.390638,78.499707
825,17.390638,78.504207
826,17.390638,78.508707
827,17.390638,78.513207
828,17.390638,78.517707
829,17.390638,78.522207
830,17.390638,78.526707
831,17.390638,78.531207
832,17.390638,78.535707
833,17.390638,78.540207
834,17.390638,78.544707
835,17.390638,78.549207
836,17.390638,78.553707
837,17.390638,78.558207
838,17.390638,78.562707
839,17.390638,78.567207
840,17.390638,78.571707
841,17.390638,78.576207
842,17.390638,78.580707
843,17.395138,78.396207
844,17.395138,78.400707
845,17.395138,78.405207
846,17.395138,78.409707
847,17.395138,78.414207
848,17.395138,78.418707
849,17.395138,78.423207
850,17.395138,78.427707
851,17.395138,78.432207
852,17.395138,78.436707
853,17.395138,78.441207
854,17.395138,78.445707
855,17.395138,78.450207
856,17.395138,78.454707
857,17.395138,78.459207
858,17.395138,78.463707
859,17.395138,78.468207
860,17.395138,78.472707
861,17.395138,78.477207
862,17.395138,78.481707
863,17.395138,78.486207
864,17.395138,78.490707
865,17.395138,78.495207
866,17.395138,78.499707
867,17.395138,78.504207
868,17.395138,78.508707
869,17.395138,78.513207
870,17.395138,78.517707
871,17.395138,78.522207
872,17.395138,78.526707
873,17.395138,78.531207
874,17.395138,78.535707
875,17.395138,78.540207
876,17.395138,78.544707
877,17.395138,78.549207
878,17.395138,78.553707
879,17.395138,78.558207
880,17.395138,78.562707
881,17.395138,78.567207
882,17.395138,78.571707
883,17.395138,78.576207
884,17.399638,78.391707
885,17.399638,78.396207
886,17.399638,78.400707
887,17.399638,78.405207
888,17.399638,78.409707
889,17.399638,78.414207
890,17.399638,78.418707
891,17.399638,78.423207
892,17.399638,78.427707
893,17.399638,78.432207
894,17.399638,78.436707
895,17.399638,78.441207
896,17.399638,78.445707
897,17.399638,78.450207
898,17.399638,78.454707
899,17.399638,78.459207
900,17.399638,78.463707
901,17.399638,78.468207
902,17.399638,78.472707
903,17.399638,78.477207
904,17.399638,78.481707
905,17.399638,78.486207
906,17.399638,78.490707
907,17.399638,78.495207
908,17.399638,78.499707
909,17.399638,78.504207
910,17.399638,78.508707
911,17.399638,78.513207
912,17.399638,78.517707
913,17.399638,78.522207
914,17.399638,78.526707
915,17.399638,78.531207
916,17.399638,78.535707
917,17.399638,78.540207
918,17.399638,78.544707
919,17.399638,78.549207
920,17.399638,78.553707
921,17.399638,78.558207
922,17.399638,78.562707
923,17.399638,78.567207
924,17.399638,78.571707
925,17.399638,78.576207
926,17.399638,78.580707
927,17.404138,78.391707
928,17.404138,78.396207
929,17.404138,78.400707
930,17.404138,78.405207
931,17.404138,78.409707
932,17.404138,78.414207
933,17.404138,78.418707
934,17.404138,78.423207
935,17.404138,78.427707
936,17.404138,78.432207
937,17.404138,78.436707
938,17.404138,78.441207
939,17.404138,78.445707
940,17.404138,78.450207
941,17.404138,78.454707
942,17.404138,78.459207
943,17.404138,78.463707
944,17.404138,78.468207
945,17.404138,78.472707
946,17.404138,78.477207
947,17.404138,78.481707
948,17.404138,78.486207
949,17.404138,78.490707
950,17.404138,78.495207
951,17.404138,78.499707
952,17.404138,78.504207
953,17.404138,78.508707
954,17.404138,78.513207
955,17.404138,78.517707
956,17.404138,78.522207
957,17.404138,78.526707
958,17.404138,78.531207
959,17.404138,78.535707
960,17.404138,78.540207
961,17.404138,78.544707
962,17.404138,78.549207
963,17.404138,78.553707
964,17.404138,78.558207
965,17.404138,78.562707
966,17.404138,78.567207
967,17.404138,78.571707
968,17.404138,78.576207
969,17.404138,78.580707
970,17.408638,78.391707
971,17.408638,78.396207
972,17.408638,78.400707
973,17.408638,78.405207
974,17.408638,78.409707
975,17.408638,78.414207
976,17.408638,78.418707
977,17.408638,78.423207
978,17.408638,78.427707
979,17.408638,78.432207
980,17.408638,78.436707
981,17.408638,78.441207
982,17.408638,78.445707
983,17.408638,78.450207
984,17.408638,78.454707
985,17.408638,78.459207
986,17.408638,78.463707
987,17.408638,78.468207
988,17.408638,78.472707
989,17.408638,78.477207
990,17.408638,78.481707
991,17.408638,78.486207
992,17.408638,78.490707
993,17.408638,78.495207
994,17.408638,78.499707
995,17.408638,78.504207
996,17.408638,78.508707
997,17.408638,78.513207
998,17.408638,78.517707
999,17.408638,78.522207
1000,17.408638,78.526707
1001,17.408638,78.531207
1002,17.408638,78.535707
1003,17.408638,78.540207
1004,17.408638,78.544707
1005,17.408638,78.549207
1006,17.408638,78.553707
1007,17.408638,78.558207
1008,17.408638,78.562707
1009,17.408638,78.567207
1010,17.413138,78.342207
1011,17.413138,78.364707
1012,17.413138,78.369207
1013,17.413138,78.391707
1014,17.413138,78.396207
1015,17.413138,78.400707
1016,17.413138,78.405207
1017,17.413138,78.409707
1018,17.413138,78.414207
1019,17.413138,78.418707
1020,17.413138,78.423207
1021,17.413138,78.427707
1022,17.413138,78.432207
1023,17.413138,78.436707
1024,17.413138,78.441207
1025,17.413138,78.445707
1026,17.413138,78.450207
1027,17.413138,78.454707
1028,17.413138,78.459207
1029,17.413138,78.463707
1030,17.413138,78.468207
1031,17.413138,78.472707
1032,17.413138,78.477207
1033,17.413138,78.481707
1034,17.413138,78.486207
1035,17.413138,78.490707
1036,17.413138,78.495207
1037,17.413138,78.499707
1038,17.413138,78.504207
1039,17.413138,78.508707
1040,17.413138,78.513207
1041,17.413138,78.517707
1042,17.413138,78.522207
1043,17.413138,78.526707
1044,17.413138,78.531207
1045,17.413138,78.535707
1046,17.413138,78.540207
1047,17.413138,78.544707
1048,17.413138,78.549207
1049,17.413138,78.553707
1050,17.413138,78.558207
1051,17.413138,78.562707
1052,17.417638,78.324207
1053,17.417638,78.328707
1054,17.417638,78.333207
1055,17.417638,78.337707
1056,17.417638,78.342207
1057,17.417638,78.346707
1058,17.417638,78.351207
1059,17.417638,78.355707
1060,17.417638,78.360207
1061,17.417638,78.364707
1062,17.417638,78.369207
1063,17.417638,78.373707
1064,17.417638,78.378207
1065,17.417638,78.382707
1066,17.417638,78.387207
1067,17.417638,78.391707
1068,17.417638,78.396207
1069,17.417638,78.400707
1070,17.417638,78.405207
1071,17.417638,78.409707
1072,17.417638,78.414207
1073,17.417638,78.418707
1074,17.417638,78.423207
1075,17.417638,78.427707
1076,17.417638,78.432207
1077,17.417638,78.436707
1078,17.417638,78.441207
1079,17.417638,78.445707
1080,17.417638,78.450207
1081,17.417638,78.454707
1082,17.417638,78.459207
1083,17.417638,78.463707
1084,17.417638,78.468207
1085,17.417638,78.472707
1086,17.417638,78.477207
1087,17.417638,78.481707
1088,17.417638,78.486207
1089,17.417638,78.490707
1090,17.417638,78.495207
1091,17.417638,78.499707
1092,17.417638,78.504207
1093,17.417638,78.508707
1094,17.417638,78.513207
1095,17.417638,78.517707
1096,17.417638,78.522207
1097,17.417638,78.526707
1098,17.417638,78.531207
1099,17.417638,78.535707
1100,17.417638,78.540207
1101,17.417638,78.544707
1102,17.417638,78.549207
1103,17.417638,78.553707
1104,17.417638,78.558207
1105,17.417638,78.562707
1106,17.422138,78.315207
1107,17.422138,78.319707
1108,17.422138,78.324207
1109,17.422138,78.328707
1110,17.422138,78.333207
1111,17.422138,78.337707
1112,17.422138,78.342207
1113,17.422138,78.346707
1114,17.422138,78.351207
1115,17.422138,78.355707
1116,17.422138,78.360207
1117,17.422138,78.364707
1118,17.422138,78.369207
1119,17.422138,78.373707
1120,17.422138,78.378207
1121,17.422138,78.382707
1122,17.422138,78.387207
1123,17.422138,78.391707
1124,17.422138,78.396207
1125,17.422138,78.400707
1126,17.422138,78.405207
1127,17.422138,78.409707
1128,17.422138,78.414207
1129,17.422138,78.418707
1130,17.422138,78.423207
1131,17.422138,78.427707
1132,17.422138,78.432207
1133,17.422138,78.436707
1134,17.422138,78.441207
1135,17.422138,78.445707
1136,17.422138,78.450207
1137,17.422138,78.454707
1138,17.422138,78.459207
1139,17.422138,78.463707
1140,17.422138,78.468207
1141,17.422138,78.472707
1142,17.422138,78.477207
1143,17.422138,78.481707
1144,17.422138,78.486207
1145,17.422138,78.490707
1146,17.422138,78.495207
1147,17.422138,78.499707
1148,17.422138,78.504207
1149,17.422138,78.508707
1150,17.422138,78.513207
1151,17.422138,78.517707
1152,17.422138,78.522207
1153,17.422138,78.526707
1154,17.422138,78.531207
1155,17.422138,78.535707
1156,17.422138,78.540207
1157,17.422138,78.544707
1158,17.422138,78.549207
1159,17.422138,78.553707
1160,17.422138,78.558207
1161,17.422138,78.562707
1162,17.426638,78.283707
1163,17.426638,78.306207
1164,17.426638,78.310707
1165,17.426638,78.315207
1166,17.426638,78.319707
1167,17.426638,78.324207
1168,17.426638,78.328707
1169,17.426638,78.333207
1170,17.426638,78.337707
1171,17.426638,78.342207
1172,17.426638,78.346707
1173,17.426638,78.351207
1174,17.426638,78.355707
1175,17.426638,78.360207
1176,17.426638,78.364707
1177,17.426638,78.369207
1178,17.426638,78.373707
1179,17.426638,78.378207
1180,17.426638,78.382707
1181,17.426638,78.387207
1182,17.426638,78.391707
1183,17.426638,78.396207
1184,17.426638,78.400707
1185,17.426638,78.405207
1186,17.426638,78.409707
1187,17.426638,78.414207
1188,17.426638,78.418707
1189,17.426638,78.423207
1190,17.426638,78.427707
1191,17.426638,78.432207
1192,17.426638,78.436707
1193,17.426638,78.441207
1194,17.426638,78.445707
1195,17.426638,78.450207
1196,17.426638,78.454707
1197,17.426638,78.459207
1198,17.426638,78.463707
1199,17.426638,78.468207
1200,17.426638,78.472707
1201,17.426638,78.477207
1202,17.426638,78.481707
1203,17.426638,78.486207
1204,17.426638,78.490707
1205,17.426638,78.495207
1206,17.426638,78.499707
1207,17.426638,78.504207
1208,17.426638,78.508707
1209,17.426638,78.513207
1210,17.426638,78.517707
1211,17.426638,78.522207
1212,17.426638,78.526707
1213,17.426638,78.531207
1214,17.426638,78.535707
1215,17.426638,78.540207
1216,17.426638,78.544707
1217,17.426638,78.549207
1218,17.426638,78.553707
1219,17.426638,78.558207
1220,17.426638,78.562707
1221,17.431138,78.279207
1222,17.431138,78.283707
1223,17.431138,78.288207
1224,17.431138,78.292707
1225,17.431138,78.297207
1226,17.431138,78.301707
1227,17.431138,78.306207
1228,17.431138,78.310707
1229,17.431138,78.315207
1230,17.431138,78.319707
1231,17.431138,78.324207
1232,17.431138,78.328707
1233,17.431138,78.333207
1234,17.431138,78.337707
1235,17.431138,78.342207
1236,17.431138,78.346707
1237,17.431138,78.351207
1238,17.431138,78.355707
1239,17.431138,78.360207
1240,17.431138,78.364707
1241,17.431138,78.369207
1242,17.431138,78.373707
1243,17.431138,78.378207
1244,17.431138,78.382707
1245,17.431138,78.387207
1246,17.431138,78.391707
1247,17.431138,78.396207
1248,17.431138,78.400707
1249,17.431138,78.405207
1250,17.431138,78.409707
1251,17.431138,78.414207
1252,17.431138,78.418707
1253,17.431138,78.423207
1254,17.431138,78.427707
1255,17.431138,78.432207
1256,17.431138,78.436707
1257,17.431138,78.441207
1258,17.431138,78.445707
1259,17.431138,78.450207
1260,17.431138,78.454707
1261,17.431138,78.459207
1262,17.431138,78.463707
1263,17.431138,78.468207
1264,17.431138,78.472707
1265,17.431138,78.477207
1266,17.431138,78.481707
1267,17.431138,78.486207
1268,17.431138,78.490707
1269,17.431138,78.495207
1270,17.431138,78.499707
1271,17.431138,78.504207
1272,17.431138,78.508707
1273,17.431138,78.513207
1274,17.431138,78.517707
1275,17.431138,78.522207
1276,17.431138,78.526707
1277,17.431138,78.531207
1278,17.431138,78.535707
1279,17.431138,78.540207
1280,17.431138,78.544707
1281,17.431138,78.549207
1282,17.431138,78.553707
1283,17.431138,78.558207
1284,17.431138,78.562707
1285,17.431138,78.567207
1286,17.431138,78.571707
1287,17.431138,78.576207
1288,17.435638,78.274707
1289,17.435638,78.279207
1290,17.435638,78.283707
1291,17.435638,78.288207
1292,17.435638,78.292707
1293,17.435638,78.297207
1294,17.435638,78.301707
1295,17.435638,78.306207
1296,17.435638,78.310707
1297,17.435638,78.315207
1298,17.435638,78.319707
1299,17.435638,78.324207
1300,17.435638,78.328707
1301,17.435638,78.333207
1302,17.435638,78.337707
1303,17.435638,78.342207
1304,17.435638,78.346707
1305,17.435638,78.351207
1306,17.435638,78.355707
1307,17.435638,78.360207
1308,17.435638,78.364707
1309,17.435638,78.369207
1310,17.435638,78.373707
1311,17.435638,78.378207
1312,17.435638,78.382707
1313,17.435638,78.387207
1314,17.435638,78.391707
1315,17.435638,78.396207
1316,17.435638,78.400707
1317,17.435638,78.405207
1318,17.435638,78.409707
1319,17.435638,78.414207
1320,17.435638,78.418707
1321,17.435638,78.423207
1322,17.435638,78.427707
1323,17.435638,78.432207
1324,17.435638,78.436707
1325,17.435638,78.441207
1326,17.435638,78.445707
1327,17.435638,78.450207
1328,17.435638,78.454707
1329,17.435638,78.459207
1330,17.435638,78.463707
1331,17.435638,78.468207
1332,17.435638,78.472707
1333,17.435638,78.477207
1334,17.435638,78.481707
1335,17.435638,78.486207
1336,17.435638,78.490707
1337,17.435638,78.495207
1338,17.435638,78.499707
1339,17.435638,78.504207
1340,17.435638,78.508707
1341,17.435638,78.513207
1342,17.435638,78.517707
1343,17.435638,78.522207
1344,17.435638,78.526707
1345,17.435638,78.531207
1346,17.435638,78.535707
1347,17.435638,78.540207
1348,17.435638,78.544707
1349,17.435638,78.549207
1350,17.435638,78.553707
1351,17.435638,78.558207
1352,17.435638,78.562707
1353,17.435638,78.567207
1354,17.435638,78.571707
1355,17.435638,78.576207
1356,17.440138,78.274707
1357,17.440138,78.279207
1358,17.440138,78.283707
1359,17.440138,78.288207
1360,17.440138,78.292707
1361,17.440138,78.297207
1362,17.440138,78.301707
1363,17.440138,78.306207
1364,17.440138,78.310707
1365,17.440138,78.315207
1366,17.440138,78.319707
1367,17.440138,78.324207
1368,17.440138,78.328707
1369,17.440138,78.333207
1370,17.440138,78.337707
1371,17.440138,78.342207
1372,17.440138,78.346707
1373,17.440138,78.351207
1374,17.440138,78.355707
1375,17.440138,78.360207
1376,17.440138,78.364707
1377,17.440138,78.369207
1378,17.440138,78.373707
1379,17.440138,78.378207
1380,17.440138,78.382707
1381,17.440138,78.387207
1382,17.440138,78.391707
1383,17.440138,78.396207
1384,17.440138,78.400707
1385,17.440138,78.405207
1386,17.440138,78.409707
1387,17.440138,78.414207
1388,17.440138,78.418707
1389,17.440138,78.423207
1390,17.440138,78.427707
1391,17.440138,78.432207
1392,17.440138,78.436707
1393,17.440138,78.441207
1394,17.440138,78.445707
1395,17.440138,78.450207
1396,17.440138,78.454707
1397,17.440138,78.459207
1398,17.440138,78.463707
1399,17.440138,78.468207
1400,17.440138,78.472707
1401,17.440138,78.477207
1402,17.440138,78.481707
1403,17.440138,78.486207
1404,17.440138,78.490707
1405,17.440138,78.495207
1406,17.440138,78.499707
1407,17.440138,78.504207
1408,17.440138,78.508707
1409,17.440138,78.513207
1410,17.440138,78.517707
1411,17.440138,78.522207
1412,17.440138,78.526707
1413,17.440138,78.531207
1414,17.440138,78.535707
1415,17.440138,78.540207
1416,17.440138,78.544707
1417,17.440138,78.549207
1418,17.440138,78.553707
1419,17.440138,78.558207
1420,17.440138,78.562707
1421,17.440138,78.567207
1422,17.440138,78.571707
1423,17.440138,78.576207
1424,17.440138,78.580707
1425,17.444638,78.274707
1426,17.444638,78.279207
1427,17.444638,78.283707
1428,17.444638,78.288207
1429,17.444638,78.292707
1430,17.444638,78.297207
1431,17.444638,78.301707
1432,17.444638,78.306207
1433,17.444638,78.310707
1434,17.444638,78.315207
1435,17.444638,78.319707
1436,17.444638,78.324207
1437,17.444638,78.328707
1438,17.444638,78.333207
1439,17.444638,78.337707
1440,17.444638,78.342207
1441,17.444638,78.346707
1442,17.444638,78.351207
1443,17.444638,78.355707
1444,17.444638,78.360207
1445,17.444638,78.364707
1446,17.444638,78.369207
1447,17.444638,78.373707
1448,17.444638,78.378207
1449,17.444638,78.382707
1450,17.444638,78.387207
1451,17.444638,78.391707
1452,17.444638,78.396207
1453,17.444638,78.400707
1454,17.444638,78.405207
1455,17.444638,78.409707
1456,17.444638,78.414207
1457,17.444638,78.418707
1458,17.444638,78.423207
1459,17.444638,78.427707
1460,17.444638,78.432207
1461,17.444638,78.436707
1462,17.444638,78.441207
1463,17.444638,78.445707
1464,17.444638,78.450207
1465,17.444638,78.454707
1466,17.444638,78.459207
1467,17.444638,78.463707
1468,17.444638,78.468207
1469,17.444638,78.504207
1470,17.444638,78.508707
1471,17.444638,78.513207
1472,17.444638,78.517707
1473,17.444638,78.522207
1474,17.444638,78.526707
1475,17.444638,78.531207
1476,17.444638,78.535707
1477,17.444638,78.540207
1478,17.444638,78.544707
1479,17.444638,78.549207
1480,17.444638,78.553707
1481,17.444638,78.558207
1482,17.444638,78.562707
1483,17.444638,78.567207
1484,17.444638,78.571707
1485,17.444638,78.576207
1486,17.444638,78.580707
1487,17.444638,78.585207
1488,17.444638,78.589707
1489,17.449138,78.279207
1490,17.449138,78.283707
1491,17.449138,78.288207
1492,17.449138,78.292707
1493,17.449138,78.297207
1494,17.449138,78.301707
1495,17.449138,78.306207
1496,17.449138,78.310707
1497,17.449138,78.315207
1498,17.449138,78.319707
1499,17.449138,78.324207
1500,17.449138,78.328707
1501,17.449138,78.333207
1502,17.449138,78.337707
1503,17.449138,78.342207
1504,17.449138,78.346707
1505,17.449138,78.351207
1506,17.449138,78.355707
1507,17.449138,78.360207
1508,17.449138,78.364707
1509,17.449138,78.369207
1510,17.449138,78.373707
1511,17.449138,78.378207
1512,17.449138,78.382707
1513,17.449138,78.387207
1514,17.449138,78.391707
1515,17.449138,78.396207
1516,17.449138,78.400707
1517,17.449138,78.405207
1518,17.449138,78.409707
1519,17.449138,78.414207
1520,17.449138,78.418707
1521,17.449138,78.423207
1522,17.449138,78.427707
1523,17.449138,78.432207
1524,17.449138,78.436707
1525,17.449138,78.441207
1526,17.449138,78.445707
1527,17.449138,78.450207
1528,17.449138,78.454707
1529,17.449138,78.459207
1530,17.449138,78.463707
1531,17.449138,78.468207
1532,17.449138,78.504207
1533,17.449138,78.526707
1534,17.449138,78.531207
1535,17.449138,78.535707
1536,17.449138,78.540207
1537,17.449138,78.544707
1538,17.449138,78.549207
1539,17.449138,78.553707
1540,17.449138,78.558207
1541,17.449138,78.562707
1542,17.449138,78.567207
1543,17.449138,78.571707
1544,17.449138,78.576207
1545,17.449138,78.580707
1546,17.449138,78.585207
1547,17.449138,78.589707
1548,17.449138,78.594207
1549,17.449138,78.598707
1550,17.449138,78.603207
1551,17.449138,78.607707
1552,17.453638,78.283707
1553,17.453638,78.288207
1554,17.453638,78.292707
1555,17.453638,78.297207
1556,17.453638,78.301707
1557,17.453638,78.306207
1558,17.453638,78.310707
1559,17.453638,78.315207
1560,17.453638,78.319707
1561,17.453638,78.324207
1562,17.453638,78.328707
1563,17.453638,78.333207
1564,17.453638,78.337707
1565,17.453638,78.342207
1566,17.453638,78.346707
1567,17.453638,78.351207
1568,17.453638,78.355707
1569,17.453638,78.360207
1570,17.453638,78.364707
1571,17.453638,78.369207
1572,17.453638,78.373707
1573,17.453638,78.378207
1574,17.453638,78.382707
1575,17.453638,78.387207
1576,17.453638,78.391707
1577,17.453638,78.396207
1578,17.453638,78.400707
1579,17.453638,78.405207
1580,17.453638,78.409707
1581,17.453638,78.414207
1582,17.453638,78.418707
1583,17.453638,78.423207
1584,17.453638,78.427707
1585,17.453638,78.432207
1586,17.453638,78.436707
1587,17.453638,78.441207
1588,17.453638,78.445707
1589,17.453638,78.450207
1590,17.453638,78.454707
1591,17.453638,78.459207
1592,17.453638,78.463707
1593,17.453638,78.526707
1594,17.453638,78.531207
1595,17.453638,78.535707
1596,17.453638,78.540207
1597,17.453638,78.544707
1598,17.453638,78.549207
1599,17.453638,78.553707
1600,17.453638,78.558207
1601,17.453638,78.562707
1602,17.453638,78.567207
1603,17.453638,78.571707
1604,17.453638,78.576207
1605,17.453638,78.580707
1606,17.453638,78.585207
1607,17.453638,78.589707
1608,17.453638,78.594207
1609,17.453638,78.598707
1610,17.453638,78.603207
1611,17.453638,78.607707
1612,17.458138,78.288207
1613,17.458138,78.292707
1614,17.458138,78.297207
1615,17.458138,78.301707
1616,17.458138,78.306207
1617,17.458138,78.310707
1618,17.458138,78.315207
1619,17.458138,78.319707
1620,17.458138,78.324207
1621,17.458138,78.328707
1622,17.458138,78.333207
1623,17.458138,78.337707
1624,17.458138,78.342207
1625,17.458138,78.346707
1626,17.458138,78.351207
1627,17.458138,78.355707
1628,17.458138,78.360207
1629,17.458138,78.364707
1630,17.458138,78.369207
1631,17.458138,78.373707
1632,17.458138,78.378207
1633,17.458138,78.382707
1634,17.458138,78.387207
1635,17.458138,78.391707
1636,17.458138,78.396207
1637,17.458138,78.400707
1638,17.458138,78.405207
1639,17.458138,78.409707
1640,17.458138,78.414207
1641,17.458138,78.418707
1642,17.458138,78.423207
1643,17.458138,78.427707
1644,17.458138,78.432207
1645,17.458138,78.436707
1646,17.458138,78.441207
1647,17.458138,78.445707
1648,17.458138,78.450207
1649,17.458138,78.454707
1650,17.458138,78.459207
1651,17.458138,78.531207
1652,17.458138,78.535707
1653,17.458138,78.540207
1654,17.458138,78.544707
1655,17.458138,78.549207
1656,17.458138,78.553707
1657,17.458138,78.558207
1658,17.458138,78.562707
1659,17.458138,78.567207
1660,17.458138,78.571707
1661,17.458138,78.576207
1662,17.458138,78.580707
1663,17.458138,78.585207
1664,17.458138,78.589707
1665,17.458138,78.594207
1666,17.458138,78.598707
1667,17.458138,78.603207
1668,17.458138,78.607707
1669,17.462638,78.292707
1670,17.462638,78.297207
1671,17.462638,78.301707
1672,17.462638,78.306207
1673,17.462638,78.310707
1674,17.462638,78.315207
1675,17.462638,78.319707
1676,17.462638,78.324207
1677,17.462638,78.328707
1678,17.462638,78.333207
1679,17.462638,78.337707
1680,17.462638,78.342207
1681,17.462638,78.346707
1682,17.462638,78.351207
1683,17.462638,78.355707
1684,17.462638,78.360207
1685,17.462638,78.364707
1686,17.462638,78.369207
1687,17.462638,78.373707
1688,17.462638,78.378207
1689,17.462638,78.382707
1690,17.462638,78.387207
1691,17.462638,78.391707
1692,17.462638,78.396207
1693,17.462638,78.400707
1694,17.462638,78.405207
1695,17.462638,78.409707
1696,17.462638,78.414207
1697,17.462638,78.418707
1698,17.462638,78.423207
1699,17.462638,78.427707
1700,17.462638,78.432207
1701,17.462638,78.436707
1702,17.462638,78.441207
1703,17.462638,78.445707
1704,17.462638,78.450207
1705,17.462638,78.454707
1706,17.462638,78.459207
1707,17.462638,78.535707
1708,17.462638,78.540207
1709,17.462638,78.544707
1710,17.462638,78.549207
1711,17.462638,78.553707
1712,17.462638,78.558207
1713,17.462638,78.562707
1714,17.462638,78.567207
1715,17.462638,78.571707
1716,17.462638,78.576207
1717,17.462638,78.580707
1718,17.462638,78.585207
1719,17.462638,78.589707
1720,17.462638,78.594207
1721,17.462638,78.598707
1722,17.462638,78.603207
1723,17.462638,78.607707
1724,17.462638,78.612207
1725,17.467138,78.292707
1726,17.467138,78.297207
1727,17.467138,78.301707
1728,17.467138,78.306207
1729,17.467138,78.310707
1730,17.467138,78.315207
1731,17.467138,78.319707
1732,17.467138,78.324207
1733,17.467138,78.328707
1734,17.467138,78.333207
1735,17.467138,78.337707
1736,17.467138,78.342207
1737,17.467138,78.346707
1738,17.467138,78.351207
1739,17.467138,78.355707
1740,17.467138,78.360207
1741,17.467138,78.364707
1742,17.467138,78.369207
1743,17.467138,78.373707
1744,17.467138,78.378207
1745,17.467138,78.382707
1746,17.467138,78.387207
1747,17.467138,78.391707
1748,17.467138,78.396207
1749,17.467138,78.400707
1750,17.467138,78.405207
1751,17.467138,78.409707
1752,17.467138,78.414207
1753,17.467138,78.418707
1754,17.467138,78.423207
1755,17.467138,78.427707
1756,17.467138,78.432207
1757,17.467138,78.436707
1758,17.467138,78.441207
1759,17.467138,78.445707
1760,17.467138,78.450207
1761,17.467138,78.454707
1762,17.467138,78.459207
1763,17.467138,78.535707
1764,17.467138,78.540207
1765,17.467138,78.544707
1766,17.467138,78.549207
1767,17.467138,78.553707
1768,17.467138,78.558207
1769,17.467138,78.562707
1770,17.467138,78.567207
1771,17.467138,78.571707
1772,17.467138,78.576207
1773,17.467138,78.580707
1774,17.467138,78.585207
1775,17.467138,78.589707
1776,17.467138,78.594207
1777,17.467138,78.598707
1778,17.467138,78.603207
1779,17.467138,78.607707
1780,17.467138,78.612207
1781,17.471638,78.297207
1782,17.471638,78.301707
1783,17.471638,78.306207
1784,17.471638,78.310707
1785,17.471638,78.315207
1786,17.471638,78.319707
1787,17.471638,78.324207
1788,17.471638,78.328707
1789,17.471638,78.333207
1790,17.471638,78.337707
1791,17.471638,78.342207
1792,17.471638,78.346707
1793,17.471638,78.351207
1794,17.471638,78.355707
1795,17.471638,78.360207
1796,17.471638,78.364707
1797,17.471638,78.369207
1798,17.471638,78.373707
1799,17.471638,78.378207
1800,17.471638,78.382707
1801,17.471638,78.387207
1802,17.471638,78.391707
1803,17.471638,78.396207
1804,17.471638,78.400707
1805,17.471638,78.405207
1806,17.471638,78.409707
1807,17.471638,78.414207
1808,17.471638,78.418707
1809,17.471638,78.423207
1810,17.471638,78.427707
1811,17.471638,78.432207
1812,17.471638,78.436707
1813,17.471638,78.441207
1814,17.471638,78.445707
1815,17.471638,78.450207
1816,17.471638,78.454707
1817,17.471638,78.459207
1818,17.471638,78.486207
1819,17.471638,78.490707
1820,17.471638,78.531207
1821,17.471638,78.535707
1822,17.471638,78.540207
1823,17.471638,78.544707
1824,17.471638,78.549207
1825,17.471638,78.553707
1826,17.471638,78.558207
1827,17.471638,78.562707
1828,17.471638,78.567207
1829,17.471638,78.571707
1830,17.471638,78.576207
1831,17.471638,78.580707
1832,17.471638,78.585207
1833,17.471638,78.589707
1834,17.471638,78.594207
1835,17.471638,78.598707
1836,17.471638,78.603207
1837,17.471638,78.607707
1838,17.471638,78.612207
1839,17.471638,78.616707
1840,17.476138,78.297207
1841,17.476138,78.301707
1842,17.476138,78.306207
1843,17.476138,78.310707
1844,17.476138,78.315207
1845,17.476138,78.319707
1846,17.476138,78.324207
1847,17.476138,78.328707
1848,17.476138,78.333207
1849,17.476138,78.337707
1850,17.476138,78.342207
1851,17.476138,78.346707
1852,17.476138,78.351207
1853,17.476138,78.355707
1854,17.476138,78.360207
1855,17.476138,78.364707
1856,17.476138,78.369207
1857,17.476138,78.373707
1858,17.476138,78.378207
1859,17.476138,78.382707
1860,17.476138,78.387207
1861,17.476138,78.391707
1862,17.476138,78.396207
1863,17.476138,78.400707
1864,17.476138,78.405207
1865,17.476138,78.409707
1866,17.476138,78.414207
1867,17.476138,78.418707
1868,17.476138,78.423207
1869,17.476138,78.427707
1870,17.476138,78.432207
1871,17.476138,78.436707
1872,17.476138,78.441207
1873,17.476138,78.445707
1874,17.476138,78.450207
1875,17.476138,78.454707
1876,17.476138,78.459207
1877,17.476138,78.477207
1878,17.476138,78.481707
1879,17.476138,78.486207
1880,17.476138,78.490707
1881,17.476138,78.495207
1882,17.476138,78.531207
1883,17.476138,78.535707
1884,17.476138,78.540207
1885,17.476138,78.544707
1886,17.476138,78.549207
1887,17.476138,78.553707
1888,17.476138,78.558207
1889,17.476138,78.562707
1890,17.476138,78.567207
1891,17.476138,78.571707
1892,17.476138,78.576207
1893,17.476138,78.580707
1894,17.476138,78.585207
1895,17.476138,78.589707
1896,17.476138,78.594207
1897,17.476138,78.598707
1898,17.476138,78.603207
1899,17.476138,78.607707
1900,17.476138,78.612207
1901,17.476138,78.616707
1902,17.480638,78.288207
1903,17.480638,78.297207
1904,17.480638,78.301707
1905,17.480638,78.306207
1906,17.480638,78.310707
1907,17.480638,78.315207
1908,17.480638,78.319707
1909,17.480638,78.324207
1910,17.480638,78.328707
1911,17.480638,78.333207
1912,17.480638,78.337707
1913,17.480638,78.342207
1914,17.480638,78.346707
1915,17.480638,78.351207
1916,17.480638,78.355707
1917,17.480638,78.360207
1918,17.480638,78.364707
1919,17.480638,78.369207
1920,17.480638,78.373707
1921,17.480638,78.378207
1922,17.480638,78.382707
1923,17.480638,78.387207
1924,17.480638,78.391707
1925,17.480638,78.396207
1926,17.480638,78.400707
1927,17.480638,78.405207
1928,17.480638,78.409707
1929,17.480638,78.414207
1930,17.480638,78.418707
1931,17.480638,78.423207
1932,17.480638,78.427707
1933,17.480638,78.432207
1934,17.480638,78.436707
1935,17.480638,78.441207
1936,17.480638,78.445707
1937,17.480638,78.450207
1938,17.480638,78.454707
1939,17.480638,78.459207
1940,17.480638,78.477207
1941,17.480638,78.481707
1942,17.480638,78.486207
1943,17.480638,78.490707
1944,17.480638,78.495207
1945,17.480638,78.499707
1946,17.480638,78.526707
1947,17.480638,78.531207
1948,17.480638,78.535707
1949,17.480638,78.540207
1950,17.480638,78.544707
1951,17.480638,78.549207
1952,17.480638,78.553707
1953,17.480638,78.558207
1954,17.480638,78.562707
1955,17.480638,78.567207
1956,17.480638,78.571707
1957,17.480638,78.576207
1958,17.480638,78.580707
1959,17.480638,78.585207
1960,17.485138,78.306207
1961,17.485138,78.310707
1962,17.485138,78.315207
1963,17.485138,78.319707
1964,17.485138,78.324207
1965,17.485138,78.328707
1966,17.485138,78.333207
1967,17.485138,78.337707
1968,17.485138,78.342207
1969,17.485138,78.346707
1970,17.485138,78.351207
1971,17.485138,78.355707
1972,17.485138,78.360207
1973,17.485138,78.364707
1974,17.485138,78.369207
1975,17.485138,78.373707
1976,17.485138,78.378207
1977,17.485138,78.382707
1978,17.485138,78.387207
1979,17.485138,78.391707
1980,17.485138,78.396207
1981,17.485138,78.400707
1982,17.485138,78.405207
1983,17.485138,78.409707
1984,17.485138,78.414207
1985,17.485138,78.418707
1986,17.485138,78.423207
1987,17.485138,78.427707
1988,17.485138,78.432207
1989,17.485138,78.436707
1990,17.485138,78.441207
1991,17.485138,78.445707
1992,17.485138,78.450207
1993,17.485138,78.454707
1994,17.485138,78.459207
1995,17.485138,78.463707
1996,17.485138,78.477207
1997,17.485138,78.481707
1998,17.485138,78.486207
1999,17.485138,78.490707
2000,17.485138,78.495207
2001,17.485138,78.499707
2002,17.485138,78.531207
2003,17.485138,78.535707
2004,17.485138,78.540207
2005,17.485138,78.544707
2006,17.485138,78.549207
2007,17.485138,78.553707
2008,17.485138,78.558207
2009,17.485138,78.562707
2010,17.485138,78.567207
2011,17.485138,78.571707
2012,17.485138,78.576207
2013,17.485138,78.580707
2014,17.485138,78.585207
2015,17.489638,78.315207
2016,17.489638,78.319707
2017,17.489638,78.324207
2018,17.489638,78.328707
2019,17.489638,78.333207
2020,17.489638,78.337707
2021,17.489638,78.342207
2022,17.489638,78.346707
2023,17.489638,78.351207
2024,17.489638,78.355707
2025,17.489638,78.360207
2026,17.489638,78.364707
2027,17.489638,78.369207
2028,17.489638,78.373707
2029,17.489638,78.378207
2030,17.489638,78.382707
2031,17.489638,78.387207
2032,17.489638,78.391707
2033,17.489638,78.396207
2034,17.489638,78.400707
2035,17.489638,78.405207
2036,17.489638,78.409707
2037,17.489638,78.414207
2038,17.489638,78.418707
2039,17.489638,78.423207
2040,17.489638,78.427707
2041,17.489638,78.432207
2042,17.489638,78.436707
2043,17.489638,78.441207
2044,17.489638,78.445707
2045,17.489638,78.450207
2046,17.489638,78.454707
2047,17.489638,78.459207
2048,17.489638,78.463707
2049,17.489638,78.481707
2050,17.489638,78.495207
2051,17.489638,78.499707
2052,17.489638,78.504207
2053,17.489638,78.508707
2054,17.489638,78.531207
2055,17.489638,78.535707
2056,17.489638,78.540207
2057,17.489638,78.544707
2058,17.489638,78.549207
2059,17.489638,78.553707
2060,17.489638,78.558207
2061,17.489638,78.562707
2062,17.489638,78.567207
2063,17.489638,78.571707
2064,17.489638,78.576207
2065,17.489638,78.580707
2066,17.489638,78.585207
2067,17.494138,78.319707
2068,17.494138,78.324207
2069,17.494138,78.328707
2070,17.494138,78.333207
2071,17.494138,78.337707
2072,17.494138,78.342207
2073,17.494138,78.346707
2074,17.494138,78.351207
2075,17.494138,78.355707
2076,17.494138,78.360207
2077,17.494138,78.364707
2078,17.494138,78.369207
2079,17.494138,78.373707
2080,17.494138,78.378207
2081,17.494138,78.382707
2082,17.494138,78.387207
2083,17.494138,78.391707
2084,17.494138,78.396207
2085,17.494138,78.400707
2086,17.494138,78.405207
2087,17.494138,78.409707
2088,17.494138,78.414207
2089,17.494138,78.418707
2090,17.494138,78.423207
2091,17.494138,78.427707
2092,17.494138,78.432207
2093,17.494138,78.436707
2094,17.494138,78.441207
2095,17.494138,78.445707
2096,17.494138,78.450207
2097,17.494138,78.454707
2098,17.494138,78.459207
2099,17.494138,78.463707
2100,17.494138,78.468207
2101,17.494138,78.495207
2102,17.494138,78.499707
2103,17.494138,78.504207
2104,17.494138,78.508707
2105,17.494138,78.535707
2106,17.494138,78.540207
2107,17.494138,78.544707
2108,17.494138,78.549207
2109,17.494138,78.553707
2110,17.494138,78.558207
2111,17.494138,78.562707
2112,17.494138,78.567207
2113,17.494138,78.571707
2114,17.494138,78.576207
2115,17.494138,78.580707
2116,17.494138,78.585207
2117,17.498638,78.315207
2118,17.498638,78.319707
2119,17.498638,78.324207
2120,17.498638,78.328707
2121,17.498638,78.333207
2122,17.498638,78.337707
2123,17.498638,78.342207
2124,17.498638,78.346707
2125,17.498638,78.351207
2126,17.498638,78.355707
2127,17.498638,78.360207
2128,17.498638,78.364707
2129,17.498638,78.369207
2130,17.498638,78.373707
2131,17.498638,78.378207
2132,17.498638,78.382707
2133,17.498638,78.387207
2134,17.498638,78.391707
2135,17.498638,78.396207
2136,17.498638,78.400707
2137,17.498638,78.405207
2138,17.498638,78.409707
2139,17.498638,78.414207
2140,17.498638,78.418707
2141,17.498638,78.423207
2142,17.498638,78.427707
2143,17.498638,78.432207
2144,17.498638,78.436707
2145,17.498638,78.441207
2146,17.498638,78.445707
2147,17.498638,78.450207
2148,17.498638,78.454707
2149,17.498638,78.459207
2150,17.498638,78.463707
2151,17.498638,78.468207
2152,17.498638,78.472707
2153,17.498638,78.477207
2154,17.498638,78.495207
2155,17.498638,78.499707
2156,17.498638,78.504207
2157,17.498638,78.508707
2158,17.498638,78.513207
2159,17.498638,78.535707
2160,17.498638,78.540207
2161,17.498638,78.544707
2162,17.498638,78.549207
2163,17.498638,78.553707
2164,17.498638,78.558207
2165,17.498638,78.562707
2166,17.498638,78.567207
2167,17.498638,78.571707
2168,17.498638,78.576207
2169,17.498638,78.580707
2170,17.498638,78.585207
2171,17.503138,78.288207
2172,17.503138,78.306207
2173,17.503138,78.315207
2174,17.503138,78.319707
2175,17.503138,78.324207
2176,17.503138,78.328707
2177,17.503138,78.333207
2178,17.503138,78.337707
2179,17.503138,78.342207
2180,17.503138,78.346707
2181,17.503138,78.351207
2182,17.503138,78.355707
2183,17.503138,78.360207
2184,17.503138,78.364707
2185,17.503138,78.369207
2186,17.503138,78.373707
2187,17.503138,78.378207
2188,17.503138,78.382707
2189,17.503138,78.387207
2190,17.503138,78.391707
2191,17.503138,78.396207
2192,17.503138,78.400707
2193,17.503138,78.405207
2194,17.503138,78.409707
2195,17.503138,78.414207
2196,17.503138,78.418707
2197,17.503138,78.423207
2198,17.503138,78.427707
2199,17.503138,78.432207
2200,17.503138,78.436707
2201,17.503138,78.441207
2202,17.503138,78.445707
2203,17.503138,78.450207
2204,17.503138,78.454707
2205,17.503138,78.459207
2206,17.503138,78.463707
2207,17.503138,78.468207
2208,17.503138,78.472707
2209,17.503138,78.477207
2210,17.503138,78.481707
2211,17.503138,78.486207
2212,17.503138,78.495207
2213,17.503138,78.499707
2214,17.503138,78.504207
2215,17.503138,78.508707
2216,17.503138,78.513207
2217,17.503138,78.531207
2218,17.503138,78.535707
2219,17.503138,78.540207
2220,17.503138,78.544707
2221,17.503138,78.549207
2222,17.503138,78.553707
2223,17.503138,78.558207
2224,17.503138,78.562707
2225,17.503138,78.567207
2226,17.503138,78.571707
2227,17.503138,78.576207
2228,17.503138,78.580707
2229,17.507638,78.283707
2230,17.507638,78.288207
2231,17.507638,78.301707
2232,17.507638,78.306207
2233,17.507638,78.310707
2234,17.507638,78.315207
2235,17.507638,78.324207
2236,17.507638,78.337707
2237,17.507638,78.342207
2238,17.507638,78.346707
2239,17.507638,78.351207
2240,17.507638,78.355707
2241,17.507638,78.360207
2242,17.507638,78.364707
2243,17.507638,78.369207
2244,17.507638,78.382707
2245,17.507638,78.387207
2246,17.507638,78.391707
2247,17.507638,78.396207
2248,17.507638,78.405207
2249,17.507638,78.409707
2250,17.507638,78.414207
2251,17.507638,78.418707
2252,17.507638,78.423207
2253,17.507638,78.427707
2254,17.507638,78.432207
2255,17.507638,78.436707
2256,17.507638,78.441207
2257,17.507638,78.445707
2258,17.507638,78.450207
2259,17.507638,78.454707
2260,17.507638,78.459207
2261,17.507638,78.463707
2262,17.507638,78.468207
2263,17.507638,78.472707
2264,17.507638,78.477207
2265,17.507638,78.481707
2266,17.507638,78.486207
2267,17.507638,78.490707
2268,17.507638,78.495207
2269,17.507638,78.499707
2270,17.507638,78.504207
2271,17.507638,78.508707
2272,17.507638,78.513207
2273,17.507638,78.531207
2274,17.507638,78.535707
2275,17.507638,78.540207
2276,17.507638,78.544707
2277,17.507638,78.549207
2278,17.507638,78.558207
2279,17.512138,78.252207
2280,17.512138,78.256707
2281,17.512138,78.261207
2282,17.512138,78.283707
2283,17.512138,78.288207
2284,17.512138,78.292707
2285,17.512138,78.297207
2286,17.512138,78.337707
2287,17.512138,78.342207
2288,17.512138,78.346707
2289,17.512138,78.351207
2290,17.512138,78.355707
2291,17.512138,78.360207
2292,17.512138,78.364707
2293,17.512138,78.369207
2294,17.512138,78.405207
2295,17.512138,78.409707
2296,17.512138,78.414207
2297,17.512138,78.418707
2298,17.512138,78.423207
2299,17.512138,78.427707
2300,17.512138,78.432207
2301,17.512138,78.436707
2302,17.512138,78.441207
2303,17.512138,78.445707
2304,17.512138,78.450207
2305,17.512138,78.454707
2306,17.512138,78.459207
2307,17.512138,78.463707
2308,17.512138,78.468207
2309,17.512138,78.472707
2310,17.512138,78.477207
2311,17.512138,78.481707
2312,17.512138,78.486207
2313,17.512138,78.490707
2314,17.512138,78.495207
2315,17.512138,78.499707
2316,17.512138,78.504207
2317,17.512138,78.508707
2318,17.512138,78.513207
2319,17.512138,78.540207
2320,17.512138,78.544707
2321,17.516638,78.252207
2322,17.516638,78.256707
2323,17.516638,78.261207
2324,17.516638,78.279207
2325,17.516638,78.283707
2326,17.516638,78.288207
2327,17.516638,78.337707
2328,17.516638,78.342207
2329,17.516638,78.346707
2330,17.516638,78.351207
2331,17.516638,78.355707
2332,17.516638,78.360207
2333,17.516638,78.364707
2334,17.516638,78.369207
2335,17.516638,78.405207
2336,17.516638,78.409707
2337,17.516638,78.414207
2338,17.516638,78.418707
2339,17.516638,78.423207
2340,17.516638,78.427707
2341,17.516638,78.432207
2342,17.516638,78.436707
2343,17.516638,78.441207
2344,17.516638,78.445707
2345,17.516638,78.450207
2346,17.516638,78.454707
2347,17.516638,78.459207
2348,17.516638,78.463707
2349,17.516638,78.468207
2350,17.516638,78.472707
2351,17.516638,78.477207
2352,17.516638,78.481707
2353,17.516638,78.486207
2354,17.516638,78.490707
2355,17.516638,78.495207
2356,17.516638,78.499707
2357,17.516638,78.504207
2358,17.516638,78.508707
2359,17.516638,78.513207
2360,17.516638,78.540207
2361,17.516638,78.544707
2362,17.521138,78.256707
2363,17.521138,78.261207
2364,17.521138,78.265707
2365,17.521138,78.274707
2366,17.521138,78.279207
2367,17.521138,78.283707
2368,17.521138,78.351207
2369,17.521138,78.400707
2370,17.521138,78.405207
2371,17.521138,78.409707
2372,17.521138,78.414207
2373,17.521138,78.418707
2374,17.521138,78.423207
2375,17.521138,78.427707
2376,17.521138,78.432207
2377,17.521138,78.436707
2378,17.521138,78.441207
2379,17.521138,78.445707
2380,17.521138,78.450207
2381,17.521138,78.454707
2382,17.521138,78.459207
2383,17.521138,78.463707
2384,17.521138,78.468207
2385,17.521138,78.472707
2386,17.521138,78.477207
2387,17.521138,78.481707
2388,17.521138,78.486207
2389,17.521138,78.490707
2390,17.521138,78.495207
2391,17.521138,78.499707
2392,17.521138,78.504207
2393,17.521138,78.508707
2394,17.521138,78.513207
2395,17.521138,78.540207
2396,17.521138,78.544707
2397,17.525638,78.252207
2398,17.525638,78.256707
2399,17.525638,78.261207
2400,17.525638,78.265707
2401,17.525638,78.270207
2402,17.525638,78.274707
2403,17.525638,78.279207
2404,17.525638,78.283707
2405,17.525638,78.396207
2406,17.525638,78.400707
2407,17.525638,78.405207
2408,17.525638,78.409707
2409,17.525638,78.414207
2410,17.525638,78.418707
2411,17.525638,78.423207
2412,17.525638,78.427707
2413,17.525638,78.432207
2414,17.525638,78.436707
2415,17.525638,78.441207
2416,17.525638,78.445707
2417,17.525638,78.450207
2418,17.525638,78.454707
2419,17.525638,78.459207
2420,17.525638,78.463707
2421,17.525638,78.468207
2422,17.525638,78.472707
2423,17.525638,78.486207
2424,17.525638,78.490707
2425,17.525638,78.495207
2426,17.525638,78.499707
2427,17.525638,78.504207
2428,17.525638,78.508707
2429,17.525638,78.513207
2430,17.525638,78.535707
2431,17.525638,78.540207
2432,17.525638,78.544707
2433,17.530138,78.243207
2434,17.530138,78.247707
2435,17.530138,78.252207
2436,17.530138,78.256707
2437,17.530138,78.261207
2438,17.530138,78.265707
2439,17.530138,78.270207
2440,17.530138,78.274707
2441,17.530138,78.279207
2442,17.530138,78.283707
2443,17.530138,78.288207
2444,17.530138,78.396207
2445,17.530138,78.400707
2446,17.530138,78.405207
2447,17.530138,78.409707
2448,17.530138,78.414207
2449,17.530138,78.418707
2450,17.530138,78.423207
2451,17.530138,78.427707
2452,17.530138,78.432207
2453,17.530138,78.436707
2454,17.530138,78.441207
2455,17.530138,78.445707
2456,17.530138,78.450207
2457,17.530138,78.454707
2458,17.530138,78.490707
2459,17.530138,78.504207
2460,17.530138,78.508707
2461,17.530138,78.513207
2462,17.530138,78.517707
2463,17.530138,78.535707
2464,17.530138,78.540207
2465,17.530138,78.544707
2466,17.534638,78.243207
2467,17.534638,78.247707
2468,17.534638,78.252207
2469,17.534638,78.256707
2470,17.534638,78.261207
2471,17.534638,78.265707
2472,17.534638,78.270207
2473,17.534638,78.274707
2474,17.534638,78.279207
2475,17.534638,78.283707
2476,17.534638,78.396207
2477,17.534638,78.400707
2478,17.534638,78.405207
2479,17.534638,78.409707
2480,17.534638,78.414207
2481,17.534638,78.418707
2482,17.534638,78.423207
2483,17.534638,78.427707
2484,17.534638,78.432207
2485,17.534638,78.436707
2486,17.534638,78.441207
2487,17.534638,78.508707
2488,17.534638,78.513207
2489,17.534638,78.517707
2490,17.534638,78.535707
2491,17.534638,78.540207
2492,17.534638,78.544707
2493,17.539138,78.243207
2494,17.539138,78.247707
2495,17.539138,78.252207
2496,17.539138,78.256707
2497,17.539138,78.261207
2498,17.539138,78.265707
2499,17.539138,78.270207
2500,17.539138,78.274707
2501,17.539138,78.279207
2502,17.539138,78.396207
2503,17.539138,78.400707
2504,17.539138,78.405207
2505,17.539138,78.409707
2506,17.539138,78.414207
2507,17.539138,78.418707
2508,17.539138,78.423207
2509,17.539138,78.427707
2510,17.539138,78.432207
2511,17.539138,78.436707
2512,17.539138,78.441207
2513,17.539138,78.508707
2514,17.539138,78.513207
2515,17.539138,78.549207
2516,17.543638,78.252207
2517,17.543638,78.256707
2518,17.543638,78.261207
2519,17.543638,78.265707
2520,17.543638,78.270207
2521,17.543638,78.274707
2522,17.543638,78.279207
2523,17.543638,78.400707
2524,17.543638,78.405207
2525,17.543638,78.409707
2526,17.543638,78.414207
2527,17.543638,78.418707
2528,17.543638,78.423207
2529,17.543638,78.427707
2530,17.543638,78.432207
2531,17.543638,78.436707
2532,17.543638,78.441207
2533,17.543638,78.508707
2534,17.543638,78.513207
2535,17.548138,78.252207
2536,17.548138,78.256707
2537,17.548138,78.261207
2538,17.548138,78.265707
2539,17.548138,78.270207
2540,17.548138,78.274707
2541,17.548138,78.279207
2542,17.548138,78.414207
2543,17.548138,78.418707
2544,17.548138,78.423207
2545,17.548138,78.427707
2546,17.548138,78.432207
2547,17.548138,78.436707
2548,17.548138,78.441207
2549,17.552638,78.279207
2550,17.552638,78.418707
2551,17.552638,78.423207
2552,17.552638,78.427707
2553,17.552638,78.432207
2554,17.552638,78.436707
2555,17.552638,78.441207
2556,17.557138,78.418707
2557,17.557138,78.423207
